"0905892475@163.com","77fly77","/*-+.0","$2y$10$iaIHHYPO4VULxWmS8hYqHeb.LeUB3XJCX0gSK9yAod0IdxDOQTy26",NULL,NULL
"36558712185@gmail.com","fire_dragon","tgbyhn","$2y$10$1tBBVcGlkce4symWs2ySEeADKBExtpdNWij3hRoYfQHABReJ9k1W.",NULL,NULL
"8956213@qq.com","gmail00","147852","$2y$10$87wsR5B3Z5K.9ccfUi93H.1aln9OI66EuAOw10YS.B0BwrMSRI72e",NULL,NULL
"areyouok@gmail.com","OK0909","963258","$2y$10$jJO03C7ROKAaD1LTK0akdOA5zJpsPlAxsteOozKBooqtgmWCAZG8e",NULL,NULL
"caty@163.com","cat_lolo","1qa2ws","$2y$10$GnG.GQa6yiDQZiEw8DBaUOthYMvAbjfr7/o6fjjN2vXJkiqExJSfW",NULL,NULL
"david22@gmail.com","malsjfi1","=-0987","$2y$10$dMUAC8oac9bNmt.jN0iPu.sTBR5VEWPICfaUMelATDx2SYcIvvjrO",NULL,NULL
"fluffybear@gmail.com","ranger_forever","wsxedc","$2y$10$4XXfsln8J/5IXAxKGI.LUuvMeSUnopA9GQHJQ5vALsAYV4piCGinC",NULL,NULL
"galaxy@qq.com","captain","/*789789","$2y$10$iuy9X/h5cAsPvS7fNhFLA.TuUufMtDDK.6kfZ2QNUhfGbxdJH51AK",NULL,NULL
"iu1231@gmail.com","lambo11","1230.1","$2y$10$wXh6AQtcGo7tBp7vQHYUVeoQfw0fOfLwcRW8HU5HtzT49BoQpbXtq",NULL,NULL
"matil@hotmail.com","math12","qwert1","$2y$10$6Obg2qaH2YilhTiANYhRKeWwyKMi1iPLNzupiJ0xxzrOxZUhrIIsW",NULL,NULL
"milkyum@gmail.com","milky","milkmilk","$2y$10$L.pRk0M/DmfUm9fLHUhm9OWQKPcSUfaDMCIXtsItqNiiYluPJu5/K",NULL,NULL
"mthis12@gmail.com","myth88","poiuy0","$2y$10$rmQPCZ4wGefLnX5BHVUQBezS7nyAjIR/lMjTDSRj6P/Zn8gcAGhjq",NULL,NULL
"nick34@gmail.com","highhigh0201","tiantian","$2y$10$b0gv912S3VfBr3KfEOwkseB.SQdV.GyqtlGVbVN4cahaSbUecYyVq",NULL,NULL
"peach@gmail.com","peachy_king","]'/[;.pl,","$2y$10$yP1u3LqLjm6q7EGoXb0UeePpL0hVKnRoN4iSHuB9161vR5d2TLdn.",NULL,NULL
"people@gmail.com","crunchy123","captain","$2y$10$H.CD1zoFWSyGOlaVCA462epj5SEPo0dTs2RwOwuLR2vnXJBSXL4tC",NULL,NULL
"qit0210@gmail.com","qit0210aa","147852","$2y$10$b/UNG5IYI8GU4E9ssELj/eP0ZZpLF8OajmtBXtyqwlrHlmodJ.Rjq",NULL,NULL
"qit2@rpi.edu","qit2","0147852","$2y$10$UKCY.Pps/rR.jEAIuuu41.zinKu8SXLjgtND.8aEUsOs4J.oLEQQ6","550a141f12de6341fba65b0ad0433500","0"
"qit33@gmail.com","qit045","123456","$2y$10$/l9AecoZka30ldUUJcAyveW1DN4cIeaiVgObRGBkP.vwYBYMQZmry","5ef698cd9fe650923ea331c15af3b160","0"
"qit77@bu.edu","qit77","147852","$2y$10$t8foDaoQb6pxycMHBpStGO1DEstoDlDC6A2pEj7yuiTgKP2ZVLziq","f1c1592588411002af340cbaedd6fc33","0"
"qq@rpi.edu","qit0210","123123","$2y$10$3ZDjkm09yD7/m97h16YLO.dqpDaQzCCQq7ZUPAL83O.gC8YKY0v42",NULL,NULL
"staff_animal@qq.com","killer_whale","pl,okm","$2y$10$rfFxK3akOomY0DUKgixtOesF5KuaPcAN3i0iXiSPl3BWi1vCnFW6m",NULL,NULL
"wang2@gmail.com","quick","123456","$2y$10$Yrkp2NQdARaDCXXhRaWY5eespi4FC01Yklh6LxacF1o0oG/Rg9jzq",NULL,NULL
"xin1112@gmail.com","xin00","qazxsw","$2y$10$LLIUiVFL0S5QfUGcwABu8OE9i5mGIWffzyty9fsM1ZgTQOCKSuqbK",NULL,NULL
